Pattern match uses 01 through 26 as symbols
ie: a  word with the Pattern of "hello" woudld be 0102030304
01 02 03 04 04 05 06 
7
Abaddon    --Abadon                    
abettor    --abetor                    
abidden    --abiden                    
abutted    --abuted                    
abutter    --abuter                    
afreets    --afrets                    
aginner    --aginer                    
Agutter    --Aguter                    
Ajaccio    --Ajacio                    
Aladdin    --Aladin                    
alpeens    --alpens                    
alyssum    --alysum                    
arillus    --arilus                    
aripple    --ariple                    
asudden    --asuden                    
atweels    --atwels                    
awheels    --awhels                    
Babiism    --Babism                    
batoons    --batons                    
befools    --befols                    
behoofs    --behofs                    
biassed    --biased                    
bladder    --blader                    
blagged    --blaged                    
blagger    --blager                    
blatted    --blated                    
blatter    --blater                    
blipped    --bliped                    
blotted    --bloted                    
blotter    --bloter                    
bluffed    --blufed                    
bluffer    --blufer                    
blurred    --blured                    
boreens    --borens                    
boulles    --boules                    
bourrée    --bourée                    
braccio    --bracio                    
bragged    --braged                    
brasset    --braset                    
brassie    --brasie                    
brattle    --bratle                    
breccia    --brecia                    
brimmed    --brimed                    
Britten    --Briten                    
brittle    --britle                    
brittly    --britly                    
brogged    --broged                    
Brummie    --Brumie                    
Brussel    --Brusel                    
caboose    --cabose                    
cahoots    --cahots                    
cailles    --cailes                    
caisson    --caison                    
careens    --carens                    
chaddor    --chador                    
chaffed    --chafed                    
chaffer    --chafer                    
challie    --chalie                    
challis    --chalis                    
channel    --chanel                    
channer    --chaner                    
chapped    --chaped                    
chappie    --chapie                    
charred    --chared                    
chassed    --chased                    
Chassid    --Chasid                    
chatted    --chated                    
chattel    --chatel                    
chatter    --chater                    
chattis    --chatis                    
Cheddar    --Chedar                    
chidden    --chiden                    
chiffon    --chifon                    
chigger    --chiger                    
chilled    --chiled                    
chiller    --chiler                    
Chillon    --Chilon                    
chillum    --chilum                    
chipped    --chiped                    
chipper    --chiper                    
chirred    --chired                    
chirres    --chires                    
chirrup    --chirup                    
chitter    --chiter                    
chivved    --chived                    
chizzed    --chized                    
chizzes    --chizes                    
chopped    --choped                    
chopper    --choper                    
chubbed    --chubed                    
chuddar    --chudar                    
chuffed    --chufed                    
chugged    --chuged                    
chukkas    --chukas                    
chukker    --chuker                    
chummed    --chumed                    
Chunnel    --Chunel                    
churred    --chured                    
clabber    --claber                    
cladder    --clader                    
clagged    --claged                    
clammed    --clamed                    
clapped    --claped                    
clapper    --claper                    
classed    --clased                    
clatter    --clater                    
cliffed    --clifed                    
clipped    --cliped                    
clipper    --cliper                    
clitter    --cliter                    
clobber    --clober                    
clogged    --cloged                    
clogger    --cloger                    
clopped    --cloped                    
clotted    --cloted                    
clotter    --cloter                    
clubbed    --clubed                    
clubber    --cluber                    
clutter    --cluter                    
coiffed    --coifed                    
crabbed    --crabed                    
cragged    --craged                    
crammed    --cramed                    
crannog    --cranog                    
crassly    --crasly                    
cribbed    --cribed                    
cribble    --crible                    
Crippen    --Cripen                    
cripple    --criple                    
crissum    --crisum                    
cropped    --croped                    
crossed    --crosed                    
crossly    --crosly                    
crottle    --crotle                    
cuittle    --cuitle                    
dhurras    --dhuras                    
dhurrie    --dhurie                    
dialler    --dialer                    
djibbah    --djibah                    
drabbet    --drabet                    
drabble    --drable                    
draggle    --dragle                    
drappie    --drapie                    
dribble    --drible                    
dribbly    --dribly                    
drizzle    --drizle                    
drizzly    --drizly                    
drugget    --druget                    
druggie    --drugie                    
duellos    --duelos                    
duennas    --duenas                    
duettos    --duetos                    
enroots    --enrots                    
flaccid    --flacid                    
flagged    --flaged                    
flammed    --flamed                    
flapped    --flaped                    
flapper    --flaper                    
flatted    --flated                    
flatten    --flaten                    
flatter    --flater                    
flattie    --flatie                    
flattop    --flatop                    
fletton    --fleton                    
flipped    --fliped                    
flipper    --fliper                    
flitted    --flited                    
flitter    --fliter                    
flivver    --fliver                    
floccus    --flocus                    
Flodden    --Floden                    
flogged    --floged                    
flogger    --floger                    
flopped    --floped                    
Florrie    --Florie                    
Flossie    --Flosie                    
flubbed    --flubed                    
flummox    --flumox                    
flutter    --fluter                    
frabbit    --frabit                    
fragged    --fraged                    
frapped    --fraped                    
frappée    --frapée                    
frazzle    --frazle                    
fribble    --frible                    
frilled    --friled                    
frippet    --fripet                    
frisson    --frison                    
fritted    --frited                    
frizzed    --frized                    
frizzes    --frizes                    
frizzle    --frizle                    
frizzly    --frizly                    
frogged    --froged                    
galoots    --galots                    
gauffer    --gaufer                    
gharris    --gharis                    
ghettos    --ghetos                    
gladden    --gladen                    
gladder    --glader                    
gladdie    --gladie                    
gladdon    --gladon                    
glassed    --glased                    
glassen    --glasen                    
glibber    --gliber                    
glidder    --glider                    
glimmer    --glimer                    
glitter    --gliter                    
glommed    --glomed                    
glossed    --glosed                    
glosser    --gloser                    
Glossic    --Glosic                    
glottic    --glotic                    
glottis    --glotis                    
glummer    --glumer                    
glutted    --gluted                    
glutton    --gluton                    
gnarred    --gnared                    
gnocchi    --gnochi                    
gouttes    --goutes                    
grabbed    --grabed                    
grabble    --grable                    
grammes    --grames                    
grannie    --granie                    
grapple    --graple                    
grassed    --grased                    
gribble    --grible                    
griddle    --gridle                    
griffes    --grifes                    
griffon    --grifon                    
grilled    --griled                    
grilles    --griles                    
grinned    --grined                    
gripped    --griped                    
gripple    --griple                    
gritted    --grited                    
grizzle    --grizle                    
grizzly    --grizly                    
grommet    --gromet                    
grossed    --grosed                    
grossly    --grosly                    
grubbed    --grubed                    
gruffly    --grufly                    
grummet    --grumet                    
grutten    --gruten                    
Gwillym    --Gwilym                    
hareems    --harems                    
heroons    --herons                    
huzoors    --huzors                    
indoors    --indors                    
insooth    --insoth                    
jarools    --jarols                    
joannes    --joanes                    
johnnie    --johnie                    
kagools    --kagols                    
Keillor    --Keilor                    
knapped    --knaped                    
knapper    --knaper                    
knapple    --knaple                    
knarred    --knared                    
knitted    --knited                    
knitter    --kniter                    
knittle    --knitle                    
knobbed    --knobed                    
knobber    --knober                    
knobble    --knoble                    
knobbly    --knobly                    
knolled    --knoled                    
knotted    --knoted                    
knotter    --knoter                    
knubble    --knuble                    
knubbly    --knubly                    
krissed    --krised                    
lagoons    --lagons                    
laveers    --lavers                    
maillot    --mailot                    
maroons    --marons                    
matooke    --matoke                    
mueddin    --muedin                    
muezzin    --muezin                    
Myrddin    --Myrdin                    
napooed    --napoed                    
Naziism    --Nazism                    
niellos    --nielos                    
Nilsson    --Nilson                    
nyaffed    --nyafed                    
ocellar    --ocelar                    
ocellus    --ocelus                    
odaller    --odaler                    
omitted    --omited                    
omitter    --omiter                    
O'Toole    --O'Tole                    
overran    --overan                    
overrun    --overun                    
paillon    --pailon                    
pfennig    --pfenig                    
phallic    --phalic                    
phallin    --phalin                    
phallus    --phalus                    
phizzes    --phizes                    
Phyllis    --Phylis                    
piaffed    --piafed                    
piaffer    --piafer                    
piaffes    --piafes                    
pierrot    --pierot                    
planned    --planed                    
planner    --planer                    
platted    --plated                    
platter    --plater                    
plessor    --plesor                    
plimmed    --plimed                    
plodder    --ploder                    
plotted    --ploted                    
plotter    --ploter                    
plottie    --plotie                    
pluffed    --plufed                    
plugged    --pluged                    
plugger    --pluger                    
plummet    --plumet                    
plussed    --plused                    
poteens    --potens                    
pouffed    --poufed                    
pouffes    --poufes                    
poussin    --pousin                    
prabble    --prable                    
prattle    --pratle                    
pribble    --prible                    
prigged    --priged                    
prilled    --priled                    
primmed    --primed                    
progged    --proged                    
Prussia    --Prusia                    
prussic    --prusic                    
psyllid    --psylid                    
quaffed    --quafed                    
quaffer    --quafer                    
quannet    --quanet                    
quarrel    --quarel                    
quibble    --quible                    
quiddle    --quidle                    
quilled    --quiled                    
quillet    --quilet                    
quillon    --quilon                    
quinnat    --quinat                    
quipped    --quiped                    
quittal    --quital                    
quitted    --quited                    
quitter    --quiter                    
quittor    --quitor                    
quizzed    --quized                    
quizzer    --quizer                    
quizzes    --quizes                    
quokkas    --quokas                    
quopped    --quoped                    
racoons    --racons                    
ratoons    --ratons                    
reallot    --realot                    
reapply    --reaply                    
reboots    --rebots                    
refoots    --refots                    
retools    --retols                    
Roussel    --Rousel                    
ruellia    --ruelia                    
scabbed    --scabed                    
scabble    --scable                    
scaffie    --scafie                    
scalled    --scaled                    
scallop    --scalop                    
scammed    --scamed                    
scanned    --scaned                    
scanner    --scaner                    
scapple    --scaple                    
scarred    --scared                    
scatted    --scated                    
scatter    --scater                    
scoffed    --scofed                    
scoffer    --scofer                    
scogged    --scoged                    
Scoggin    --Scogin                    
Scottie    --Scotie                    
scrooge    --scroge                    
scudder    --scuder                    
scuddle    --scudle                    
scuffed    --scufed                    
scuffle    --scufle                    
scugged    --scuged                    
sculled    --sculed                    
sculler    --sculer                    
scummed    --scumed                    
scummer    --scumer                    
scunner    --scuner                    
scupper    --scuper                    
scurred    --scured                    
scurril    --scuril                    
scutter    --scuter                    
scuttle    --scutle                    
shabble    --shable                    
Shaffer    --Shafer                    
shagged    --shaged                    
shallon    --shalon                    
shallop    --shalop                    
shallot    --shalot                    
shallow    --shalow                    
shammed    --shamed                    
shammer    --shamer                    
shatter    --shater                    
shellac    --shelac                    
shidder    --shider                    
shimmer    --shimer                    
shimmey    --shimey                    
shinned    --shined                    
shipped    --shiped                    
shippen    --shipen                    
shipper    --shiper                    
shippon    --shipon                    
shirred    --shired                    
shivved    --shived                    
shmooze    --shmoze                    
shogged    --shoged                    
shoggle    --shogle                    
shoggly    --shogly                    
shopped    --shoped                    
shopper    --shoper                    
shotted    --shoted                    
shotten    --shoten                    
shudder    --shuder                    
shuffle    --shufle                    
shunned    --shuned                    
shunner    --shuner                    
shutter    --shuter                    
shuttle    --shutle                    
sierran    --sieran                    
'simmon    --'simon                    
skellum    --skelum                    
Skiddaw    --Skidaw                    
skidder    --skider                    
skiffed    --skifed                    
skiffle    --skifle                    
skilled    --skiled                    
skillet    --skilet                    
skimmed    --skimed                    
skimmer    --skimer                    
skinned    --skined                    
skinner    --skiner                    
skipped    --skiped                    
skipper    --skiper                    
skippet    --skipet                    
skirred    --skired                    
skirret    --skiret                    
skitter    --skiter                    
skittle    --skitle                    
skugged    --skuged                    
skuttle    --skutle                    
slabbed    --slabed                    
slabber    --slaber                    
slagged    --slaged                    
slammed    --slamed                    
slammer    --slamer                    
slapped    --slaped                    
slapper    --slaper                    
slatted    --slated                    
slatter    --slater                    
slidden    --sliden                    
slidder    --slider                    
slimmed    --slimed                    
slimmer    --slimer                    
slipped    --sliped                    
slipper    --sliper                    
slitter    --sliter                    
slobber    --slober                    
slogged    --sloged                    
slogger    --sloger                    
slopped    --sloped                    
slotted    --sloted                    
slotter    --sloter                    
slubbed    --slubed                    
slubber    --sluber                    
slugged    --sluged                    
slugger    --sluger                    
slummed    --slumed                    
slummer    --slumer                    
slurred    --slured                    
smalled    --smaled                    
smaller    --smaler                    
smatter    --smater                    
smirred    --smired                    
smitten    --smiten                    
smittle    --smitle                    
smugged    --smuged                    
smugger    --smuger                    
smuggle    --smugle                    
smurred    --smured                    
smutted    --smuted                    
snabble    --snable                    
snaffle    --snafle                    
snagged    --snaged                    
snapped    --snaped                    
snapper    --snaper                    
snibbed    --snibed                    
sniffed    --snifed                    
sniffer    --snifer                    
sniffle    --snifle                    
snigged    --sniged                    
snigger    --sniger                    
sniggle    --snigle                    
snipped    --sniped                    
snipper    --sniper                    
snippet    --snipet                    
snoddit    --snodit                    
snogged    --snoged                    
snotted    --snoted                    
snotter    --snoter                    
snottie    --snotie                    
snubbed    --snubed                    
snubber    --snuber                    
snuffed    --snufed                    
snuffer    --snufer                    
snuffle    --snufle                    
snuffly    --snufly                    
snugged    --snuged                    
snugger    --snuger                    
snuggle    --snugle                    
snuzzle    --snuzle                    
soufflé    --souflé                    
sowffed    --sowfed                    
spalled    --spaled                    
spammed    --spamed                    
spammer    --spamer                    
spanned    --spaned                    
spanner    --spaner                    
sparred    --spared                    
sparrow    --sparow                    
Spassky    --Spasky                    
spatted    --spated                    
spatter    --spater                    
spazzed    --spazed                    
spilled    --spiled                    
spiller    --spiler                    
spinner    --spiner                    
spinnet    --spinet                    
spinney    --spiney                    
spitted    --spited                    
spitten    --spiten                    
spitter    --spiter                    
spittle    --spitle                    
spleeny    --spleny                    
sporran    --sporan                    
spotted    --spoted                    
spotter    --spoter                    
spurred    --spured                    
spurrey    --spurey                    
sputter    --sputer                    
Squeers    --Squers                    
squeezy    --squezy                    
stabbed    --stabed                    
stabber    --staber                    
staddle    --stadle                    
staffed    --stafed                    
staffer    --stafer                    
stagged    --staged                    
stagger    --stager                    
stalled    --staled                    
stammel    --stamel                    
stammer    --stamer                    
stannel    --stanel                    
stannic    --stanic                    
stapped    --staped                    
starred    --stared                    
stellar    --stelar                    
stiffen    --stifen                    
stiffer    --stifer                    
stiffly    --stifly                    
stilled    --stiled                    
stiller    --stiler                    
stipple    --stiple                    
stirrah    --stirah                    
stirred    --stired                    
stirrup    --stirup                    
stollen    --stolen                    
stopped    --stoped                    
stopper    --stoper                    
stopple    --stople                    
strooke    --stroke                    
stubbed    --stubed                    
stubble    --stuble                    
stubbly    --stubly                    
studdle    --studle                    
stuffed    --stufed                    
stuffer    --stufer                    
stummed    --stumed                    
stummel    --stumel                    
stunned    --stuned                    
stunner    --stuner                    
Sufiism    --Sufism                    
swabbed    --swabed                    
swabber    --swaber                    
swaddle    --swadle                    
swagged    --swaged                    
swagger    --swager                    
swaggie    --swagie                    
swallet    --swalet                    
swanned    --swaned                    
swapped    --swaped                    
swapper    --swaper                    
swatted    --swated                    
swatter    --swater                    
swazzle    --swazle                    
swidden    --swiden                    
swigged    --swiged                    
swigger    --swiger                    
swilled    --swiled                    
swiller    --swiler                    
swimmer    --swimer                    
swipple    --swiple                    
swizzle    --swizle                    
swobbed    --swobed                    
swobber    --swober                    
swollen    --swolen                    
swopped    --swoped                    
swopper    --swoper                    
swotted    --swoted                    
swotter    --swoter                    
swozzle    --swozle                    
tabooed    --taboed                    
tailles    --tailes                    
taxiing    --taxing                    
thallic    --thalic                    
thallus    --thalus                    
thammuz    --thamuz                    
thigger    --thiger                    
thiller    --thiler                    
thinned    --thined                    
thinner    --thiner                    
threeps    --threps                    
thuggos    --thugos                    
traffic    --trafic                    
trammed    --tramed                    
trammel    --tramel                    
trannie    --tranie                    
trapped    --traped                    
trellis    --trelis                    
tribble    --trible                    
trigged    --triged                    
trilled    --triled                    
trimmed    --trimed                    
tripped    --triped                    
tripple    --triple                    
trodden    --troden                    
trogged    --troged                    
trolled    --troled                    
trolley    --troley                    
trommel    --tromel                    
truffle    --trufle                    
Trullan    --Trulan                    
trussed    --trused                    
tsaddik    --tsadik                    
tsaddiq    --tsadiq                    
tuilles    --tuiles                    
tureens    --turens                    
twaddle    --twadle                    
twaddly    --twadly                    
twiddle    --twidle                    
twiddly    --twidly                    
twigged    --twiged                    
twiggen    --twigen                    
twigger    --twiger                    
twilled    --twiled                    
twinned    --twined                    
twizzle    --twizle                    
twoccer    --twocer                    
tycoons    --tycons                    
tzaddik    --tzadik                    
tzaddiq    --tzadiq                    
tzimmes    --tzimes                    
udaller    --udaler                    
unboots    --unbots                    
unfools    --unfols                    
unheedy    --unhedy                    
unhoods    --unhods                    
unhooks    --unhoks                    
unhoops    --unhops                    
unloose    --unlose                    
unmoors    --unmors                    
unreels    --unrels                    
unroofs    --unrofs                    
unroost    --unrost                    
unroots    --unrots                    
unwooed    --unwoed                    
uplooks    --uploks                    
uproots    --uprots                    
vacuums    --vacums                    
vakeels    --vakels                    
vamoose    --vamose                    
vialled    --vialed                    
wabooms    --waboms                    
whammed    --whamed                    
whapped    --whaped                    
whatten    --whaten                    
whidder    --whider                    
whiffed    --whifed                    
whiffer    --whifer                    
whiffet    --whifet                    
whiffle    --whifle                    
whigged    --whiged                    
whimmed    --whimed                    
whipped    --whiped                    
whipper    --whiper                    
whippet    --whipet                    
whirred    --whired                    
whirret    --whiret                    
whissed    --whised                    
whitter    --whiter                    
whittle    --whitle                    
whizzed    --whized                    
whizzer    --whizer                    
whizzes    --whizes                    
whopped    --whoped                    
whopper    --whoper                    
whummle    --whumle                    
wrapped    --wraped                    
wriggle    --wrigle                    
wriggly    --wrigly                    
written    --writen                    
